name,mtime,section,body
Miscellaneous.md,1750419023611,Miscellaneous,Miscellaneous
Miscellaneous.md,1750419023611,- AI Tools,- AI Tools
Miscellaneous.md,1750419023611,- [Generate handwritten text (handy for creating signatures)](https://www.calligrapher.ai),- [Generate handwritten text (handy for creating signatures)](https://www.calligrapher.ai)
README.md,1750419023611,OSINT Reference,OSINT Reference
README.md,1750419023611,"This repo contains useful links and reference material that I've put together while working on OSINT tasks. It's very much a work in progress, and doesn't replace any of the other collections of tools out there which are much more complete!","This repo contains useful links and reference material that I've put together while working on OSINT tasks. It's very much a work in progress, and doesn't replace any of the other collections of tools out there which are much more complete!"
Gab.md,1750419023611,Gab,Gab
Gab.md,1750419023611,Authentication,Authentication
Gab.md,1750419023611,"An `Authorization` header is required, with `Bearer <token>` (where token is your token).","An `Authorization` header is required, with `Bearer <token>` (where token is your token)."
Gab.md,1750419023611,API,API
Gab.md,1750419023611,Accounts,Accounts
Gab.md,1750419023611,```json,```json
Gab.md,1750419023611,{,{
Gab.md,1750419023611,"""id"": ""73820"",","""id"": ""73820"","
Gab.md,1750419023611,"""username"": ""MatthewTrump"",","""username"": ""MatthewTrump"","
Gab.md,1750419023611,"""acct"": ""MatthewTrump"",","""acct"": ""MatthewTrump"","
Gab.md,1750419023611,"""display_name"": ""Matthew Trump"",","""display_name"": ""Matthew Trump"","
Gab.md,1750419023611,"""locked"": false,","""locked"": false,"
Gab.md,1750419023611,"""bot"": false,","""bot"": false,"
Gab.md,1750419023611,"""created_at"": ""2016-11-21T16:32:45.000Z"",","""created_at"": ""2016-11-21T16:32:45.000Z"","
Gab.md,1750419023611,"""note"": ""\u003cp\u003e\u0026quot;No one should fear to undertake any task in the name of our Saviour, if it is just and if the intention is purely for His holy service.\u0026quot; - Christopher Columbus\u003c/p\u003e"",","""note"": ""\u003cp\u003e\u0026quot;No one should fear to undertake any task in the name of our Saviour, if it is just and if the intention is purely for His holy service.\u0026quot; - Christopher Columbus\u003c/p\u003e"","
Gab.md,1750419023611,"""url"": ""https://gab.com/MatthewTrump"",","""url"": ""https://gab.com/MatthewTrump"","
Gab.md,1750419023611,"""avatar"": ""https://gab.com/media/user/bb-5bb91cb933c4d.jpeg"",","""avatar"": ""https://gab.com/media/user/bb-5bb91cb933c4d.jpeg"","
Gab.md,1750419023611,"""avatar_static"": ""https://gab.com/media/user/bb-5bb91cb933c4d.jpeg"",","""avatar_static"": ""https://gab.com/media/user/bb-5bb91cb933c4d.jpeg"","
Gab.md,1750419023611,"""header"": ""https://gab.com/media/user/bb-5bba8f99cfc89.png"",","""header"": ""https://gab.com/media/user/bb-5bba8f99cfc89.png"","
Gab.md,1750419023611,"""header_static"": ""https://gab.com/media/user/bb-5bba8f99cfc89.png"",","""header_static"": ""https://gab.com/media/user/bb-5bba8f99cfc89.png"","
Gab.md,1750419023611,"""is_spam"": false,","""is_spam"": false,"
Gab.md,1750419023611,"""followers_count"": 3595,","""followers_count"": 3595,"
Gab.md,1750419023611,"""following_count"": 14,","""following_count"": 14,"
Gab.md,1750419023611,"""statuses_count"": 19,","""statuses_count"": 19,"
Gab.md,1750419023611,"""is_pro"": false,","""is_pro"": false,"
Gab.md,1750419023611,"""is_verified"": true,","""is_verified"": true,"
Gab.md,1750419023611,"""is_donor"": false,","""is_donor"": false,"
Gab.md,1750419023611,"""is_investor"": false,","""is_investor"": false,"
Gab.md,1750419023611,"""emojis"": [],","""emojis"": [],"
Gab.md,1750419023611,"""fields"": []","""fields"": []"
Gab.md,1750419023611,},}
Gab.md,1750419023611,```,```
Gab.md,1750419023611,Get an account by username,Get an account by username
Gab.md,1750419023611,`GET https://gab.com/api/v1/account_by_username/MatthewTrump`,`GET https://gab.com/api/v1/account_by_username/MatthewTrump`
Gab.md,1750419023611,Response: A single Account,Response: A single Account
Gab.md,1750419023611,Get an account by ID,Get an account by ID
Gab.md,1750419023611,`GET https://gab.com/api/v1/accounts/73820`,`GET https://gab.com/api/v1/accounts/73820`
Gab.md,1750419023611,Response: A single Account,Response: A single Account
Gab.md,1750419023611,Get followings / followers,Get followings / followers
Gab.md,1750419023611,`GET https://gab.com/api/v1/accounts/2891614/[following|followers]`,`GET https://gab.com/api/v1/accounts/2891614/[following|followers]`
Gab.md,1750419023611,Response: An array of Accounts,Response: An array of Accounts
Gab.md,1750419023611,Statuses,Statuses
Gab.md,1750419023611,```json,```json
Gab.md,1750419023611,{,{
Gab.md,1750419023611,"""id"": ""106557617192553453"",","""id"": ""106557617192553453"","
Gab.md,1750419023611,"""created_at"": ""2021-07-10T18:03:23.765Z"",","""created_at"": ""2021-07-10T18:03:23.765Z"","
Gab.md,1750419023611,"""revised_at"": null,","""revised_at"": null,"
Gab.md,1750419023611,"""in_reply_to_id"": null,","""in_reply_to_id"": null,"
Gab.md,1750419023611,"""in_reply_to_account_id"": null,","""in_reply_to_account_id"": null,"
Gab.md,1750419023611,"""sensitive"": false,","""sensitive"": false,"
Gab.md,1750419023611,"""spoiler_text"": """",","""spoiler_text"": """","
Gab.md,1750419023611,"""visibility"": ""public"",","""visibility"": ""public"","
Gab.md,1750419023611,"""language"": ""en"",","""language"": ""en"","
Gab.md,1750419023611,"""uri"": ""/TheChickenRight/posts/106557617192553453"",","""uri"": ""/TheChickenRight/posts/106557617192553453"","
Gab.md,1750419023611,"""url"": ""https://gab.com/TheChickenRight/posts/106557617192553453"",","""url"": ""https://gab.com/TheChickenRight/posts/106557617192553453"","
Gab.md,1750419023611,"""replies_count"": 124,","""replies_count"": 124,"
Gab.md,1750419023611,"""reblogs_count"": 361,","""reblogs_count"": 361,"
Gab.md,1750419023611,"""pinnable"": false,","""pinnable"": false,"
Gab.md,1750419023611,"""pinnable_by_group"": false,","""pinnable_by_group"": false,"
Gab.md,1750419023611,"""favourites_count"": 667,","""favourites_count"": 667,"
Gab.md,1750419023611,"""quote_of_id"": null,","""quote_of_id"": null,"
Gab.md,1750419023611,"""expires_at"": null,","""expires_at"": null,"
Gab.md,1750419023611,"""has_quote"": false,","""has_quote"": false,"
Gab.md,1750419023611,"""bookmark_collection_id"": null,","""bookmark_collection_id"": null,"
Gab.md,1750419023611,"""favourited"": false,","""favourited"": false,"
Gab.md,1750419023611,"""reblogged"": false,","""reblogged"": false,"
Gab.md,1750419023611,"""content"": ""Lmao wtf<br />\""More fully vaccinated people died, that's because the vaccine is good, but not perfect\"""",","""content"": ""Lmao wtf<br />\""More fully vaccinated people died, that's because the vaccine is good, but not perfect\"""","
Gab.md,1750419023611,"""rich_content"": """",","""rich_content"": """","
Gab.md,1750419023611,"""plain_markdown"": null,","""plain_markdown"": null,"
Gab.md,1750419023611,"""reblog"": null,","""reblog"": null,"
Gab.md,1750419023611,"""quote"": null,","""quote"": null,"
Gab.md,1750419023611,"""account"": User,","""account"": User,"
Gab.md,1750419023611,"""group"": null,","""group"": null,"
Gab.md,1750419023611,"""media_attachments"": [{","""media_attachments"": [{"
Gab.md,1750419023611,"""id"": ""78908662"",","""id"": ""78908662"","
Gab.md,1750419023611,"""type"": ""video"",","""type"": ""video"","
Gab.md,1750419023611,"""url"": ""https://media.gab.com/system/media_attachments/files/078/908/662/original/ef1096deb284ac18.mp4"",","""url"": ""https://media.gab.com/system/media_attachments/files/078/908/662/original/ef1096deb284ac18.mp4"","
Gab.md,1750419023611,"""preview_url"": ""https://media.gab.com/system/media_attachments/files/078/908/662/small/ef1096deb284ac18.png"",","""preview_url"": ""https://media.gab.com/system/media_attachments/files/078/908/662/small/ef1096deb284ac18.png"","
Gab.md,1750419023611,"""source_mp4"": ""https://media.gab.com/system/media_attachments/files/078/908/662/playable/ef1096deb284ac18.mp4"",","""source_mp4"": ""https://media.gab.com/system/media_attachments/files/078/908/662/playable/ef1096deb284ac18.mp4"","
Gab.md,1750419023611,"""remote_url"": null,","""remote_url"": null,"
Gab.md,1750419023611,"""text_url"": ""https://gab.com/media/jkBPUljh5zODiqwmkD4"",","""text_url"": ""https://gab.com/media/jkBPUljh5zODiqwmkD4"","
Gab.md,1750419023611,"""meta"": {","""meta"": {"
Gab.md,1750419023611,"""length"": ""0:00:15.17"",","""length"": ""0:00:15.17"","
Gab.md,1750419023611,"""duration"": 15.17,","""duration"": 15.17,"
Gab.md,1750419023611,"""audio_encode"": ""aac (LC) (mp4a / 0x6134706D)"",","""audio_encode"": ""aac (LC) (mp4a / 0x6134706D)"","
Gab.md,1750419023611,"""audio_bitrate"": ""44100 Hz"",","""audio_bitrate"": ""44100 Hz"","
Gab.md,1750419023611,"""audio_channels"": ""stereo"",","""audio_channels"": ""stereo"","
Gab.md,1750419023611,"""fps"": 30,","""fps"": 30,"
Gab.md,1750419023611,"""size"": ""576x320"",","""size"": ""576x320"","
Gab.md,1750419023611,"""width"": 576,","""width"": 576,"
Gab.md,1750419023611,"""height"": 320,","""height"": 320,"
Gab.md,1750419023611,"""aspect"": 1.8,","""aspect"": 1.8,"
Gab.md,1750419023611,"""original"": {","""original"": {"
Gab.md,1750419023611,"""width"": 576,","""width"": 576,"
Gab.md,1750419023611,"""height"": 320,","""height"": 320,"
Gab.md,1750419023611,"""frame_rate"": ""30/1"",","""frame_rate"": ""30/1"","
Gab.md,1750419023611,"""duration"": 15.166667,","""duration"": 15.166667,"
Gab.md,1750419023611,"""bitrate"": 787138","""bitrate"": 787138"
Gab.md,1750419023611,"},","},"
Gab.md,1750419023611,"""small"": {","""small"": {"
Gab.md,1750419023611,"""width"": 400,","""width"": 400,"
Gab.md,1750419023611,"""height"": 222,","""height"": 222,"
Gab.md,1750419023611,"""size"": ""400x222"",","""size"": ""400x222"","
Gab.md,1750419023611,"""aspect"": 1.8018018018018018","""aspect"": 1.8018018018018018"
Gab.md,1750419023611,"},","},"
Gab.md,1750419023611,"""playable"": {","""playable"": {"
Gab.md,1750419023611,"""width"": 576,","""width"": 576,"
Gab.md,1750419023611,"""height"": 320,","""height"": 320,"
Gab.md,1750419023611,"""frame_rate"": ""30/1"",","""frame_rate"": ""30/1"","
Gab.md,1750419023611,"""duration"": 15.186,","""duration"": 15.186,"
Gab.md,1750419023611,"""bitrate"": 1324266","""bitrate"": 1324266"
Gab.md,1750419023611,},}
Gab.md,1750419023611,"},","},"
Gab.md,1750419023611,"""description"": null,","""description"": null,"
Gab.md,1750419023611,"""blurhash"": ""UIK]in[U0yROu%VsX-ofCROXicWBVsROS2tR"",","""blurhash"": ""UIK]in[U0yROu%VsX-ofCROXicWBVsROS2tR"","
Gab.md,1750419023611,"""file_content_type"": ""video/mp4""","""file_content_type"": ""video/mp4"""
Gab.md,1750419023611,"}],","}],"
Gab.md,1750419023611,"""mentions"": [],","""mentions"": [],"
Gab.md,1750419023611,"""tags"": [],","""tags"": [],"
Gab.md,1750419023611,"""emojis"": [],","""emojis"": [],"
Gab.md,1750419023611,"""card"": null,","""card"": null,"
Gab.md,1750419023611,"""poll"": null","""poll"": null"
Gab.md,1750419023611,},}
Gab.md,1750419023611,```,```
Gab.md,1750419023611,Get statuses for an account,Get statuses for an account
Gab.md,1750419023611,`GET https://gab.com/api/v1/accounts/2891614/statuses?pinned=[true|false]&exclude_replies=[true|false]&only_media=[true|false]&limit=20&media_type=[photo|video]&max_id=id`,`GET https://gab.com/api/v1/accounts/2891614/statuses?pinned=[true|false]&exclude_replies=[true|false]&only_media=[true|false]&limit=20&media_type=[photo|video]&max_id=id`
Gab.md,1750419023611,Options:,Options:
Gab.md,1750419023611,- pinned: only include pinned statuses,- pinned: only include pinned statuses
Gab.md,1750419023611,- exclude_replies: don't include replies,- exclude_replies: don't include replies
Gab.md,1750419023611,- only_media: only include replies with 'media_attachments' sections,- only_media: only include replies with 'media_attachments' sections
Gab.md,1750419023611,- media_type: filter to the specific media type,- media_type: filter to the specific media type
Gab.md,1750419023611,- limit: only return N statuses,- limit: only return N statuses
Gab.md,1750419023611,- max_id: appears to start at the given ID,- max_id: appears to start at the given ID
Gab.md,1750419023611,Response: An array of Statuses,Response: An array of Statuses
Gab.md,1750419023611,Get a single status,Get a single status
Gab.md,1750419023611,`GET https://gab.com/api/v1/statuses/106557617192553453`,`GET https://gab.com/api/v1/statuses/106557617192553453`
Gab.md,1750419023611,Get comments for a status,Get comments for a status
Gab.md,1750419023611,`GET https://gab.com/api/v1/statuses/106557617192553453/comments`,`GET https://gab.com/api/v1/statuses/106557617192553453/comments`
Gab.md,1750419023611,Response:,Response:
Gab.md,1750419023611,```json,```json
Gab.md,1750419023611,{,{
Gab.md,1750419023611,"""ancestors"":null, // tbc","""ancestors"":null, // tbc"
Gab.md,1750419023611,"""descendants"":[Status]","""descendants"":[Status]"
Gab.md,1750419023611,},}
Gab.md,1750419023611,```,```
Gab.md,1750419023611,Groups,Groups
Gab.md,1750419023611,```json,```json
Gab.md,1750419023611,{,{
Gab.md,1750419023611,"""id"": ""981"",","""id"": ""981"","
Gab.md,1750419023611,"""title"": ""Trump 2020"",","""title"": ""Trump 2020"","
Gab.md,1750419023611,"""description"": ""We support the President of the United States!"",","""description"": ""We support the President of the United States!"","
Gab.md,1750419023611,"""description_html"": ""\u003cp\u003eWe support the President of the United States!\u003c/p\u003e"",","""description_html"": ""\u003cp\u003eWe support the President of the United States!\u003c/p\u003e"","
Gab.md,1750419023611,"""cover_image_url"": ""https://media.gab.com/system/groups/cover_images/000/000/981/original/29354314_801037073569634_4298433919081563056_o.jpg"",","""cover_image_url"": ""https://media.gab.com/system/groups/cover_images/000/000/981/original/29354314_801037073569634_4298433919081563056_o.jpg"","
Gab.md,1750419023611,"""is_archived"": false,","""is_archived"": false,"
Gab.md,1750419023611,"""member_count"": 238458,","""member_count"": 238458,"
Gab.md,1750419023611,"""created_at"": ""2018-07-30T21:44:21.000Z"",","""created_at"": ""2018-07-30T21:44:21.000Z"","
Gab.md,1750419023611,"""is_private"": false,","""is_private"": false,"
Gab.md,1750419023611,"""is_visible"": true,","""is_visible"": true,"
Gab.md,1750419023611,"""slug"": null,","""slug"": null,"
Gab.md,1750419023611,"""url"": ""https://gab.com/groups/981"",","""url"": ""https://gab.com/groups/981"","
Gab.md,1750419023611,"""tags"": null,","""tags"": null,"
Gab.md,1750419023611,"""group_category"": null,","""group_category"": null,"
Gab.md,1750419023611,"""password"": null,","""password"": null,"
Gab.md,1750419023611,"""has_password"": false","""has_password"": false"
Gab.md,1750419023611,},}
Gab.md,1750419023611,```,```
Gab.md,1750419023611,Get a single group,Get a single group
Gab.md,1750419023611,`GET https://gab.com/api/v1/groups/981`,`GET https://gab.com/api/v1/groups/981`
Gab.md,1750419023611,Search,Search
Gab.md,1750419023611,`GET https://gab.com/api/v2/search?onlyVerified=[true|false]&q=trump&resolve=[true|false]`,`GET https://gab.com/api/v2/search?onlyVerified=[true|false]&q=trump&resolve=[true|false]`
Gab.md,1750419023611,Options:,Options:
Gab.md,1750419023611,- onlyVerified: true or false; whether to include verified accounts,- onlyVerified: true or false; whether to include verified accounts
Gab.md,1750419023611,- q: the query string (e.g. 'trump'),- q: the query string (e.g. 'trump')
Gab.md,1750419023611,- resolve: tbc,- resolve: tbc
Gab.md,1750419023611,Response:,Response:
Gab.md,1750419023611,```json,```json
Gab.md,1750419023611,{,{
Gab.md,1750419023611,"""accounts"": [User],","""accounts"": [User],"
Gab.md,1750419023611,"""statuses"": [tbc],","""statuses"": [tbc],"
Gab.md,1750419023611,"""groups"": [Group],","""groups"": [Group],"
Gab.md,1750419023611,"""links"": [tbc]","""links"": [tbc]"
Gab.md,1750419023611,},}
Gab.md,1750419023611,```,```
Gapo.md,1750419023611,Gapo,Gapo
Gapo.md,1750419023611,Authentication,Authentication
Gapo.md,1750419023611,"An `Authorization` header is required, with `Bearer <token>` (where token is your token). You can use the following Python script to get this (you'll need the `requests` module):","An `Authorization` header is required, with `Bearer <token>` (where token is your token). You can use the following Python script to get this (you'll need the `requests` module):"
Gapo.md,1750419023611,```python,```python
Gapo.md,1750419023611,import requests,import requests
Gapo.md,1750419023611,import sys,import sys
Gapo.md,1750419023611,import uuid,import uuid
Gapo.md,1750419023611,from getpass import getpass,from getpass import getpass
Gapo.md,1750419023611,def main():,def main():
Gapo.md,1750419023611,"phone = input(""Phone number (+44-1234567890):"")","phone = input(""Phone number (+44-1234567890):"")"
Gapo.md,1750419023611,password = getpass(),password = getpass()
Gapo.md,1750419023611,device_id = uuid.uuid4(),device_id = uuid.uuid4()
Gapo.md,1750419023611,"r = requests.post('https://api.gapo.vn/auth/v2.0/login', json={'client_id':'does_not_matter', 'device_id':str(device_id), 'password':password, 'phone_number':phone, 'trusted_device':False})","r = requests.post('https://api.gapo.vn/auth/v2.0/login', json={'client_id':'does_not_matter', 'device_id':str(device_id), 'password':password, 'phone_number':phone, 'trusted_device':False})"
Gapo.md,1750419023611,j = r.json(),j = r.json()
Gapo.md,1750419023611,if j['code'] != 200:,if j['code'] != 200:
Gapo.md,1750419023611,"print(""Unexpected status code %d: %s""  % (j['code'], j['message']))","print(""Unexpected status code %d: %s""  % (j['code'], j['message']))"
Gapo.md,1750419023611,sys.exit(1),sys.exit(1)
Gapo.md,1750419023611,"print(""Auth token: %s"" % j['data']['access_token'])","print(""Auth token: %s"" % j['data']['access_token'])"
Gapo.md,1750419023611,"if __name__ == ""__main__"":","if __name__ == ""__main__"":"
Gapo.md,1750419023611,main(),main()
Gapo.md,1750419023611,```,```
Gapo.md,1750419023611,API,API
Gapo.md,1750419023611,Users,Users
Gapo.md,1750419023611,```json,```json
Gapo.md,1750419023611,{,{
Gapo.md,1750419023611,"""user_id"": 12345,","""user_id"": 12345,"
Gapo.md,1750419023611,"""full_name"": ""Joe Bloggs"",","""full_name"": ""Joe Bloggs"","
Gapo.md,1750419023611,"""display_name"": ""Joe"",","""display_name"": ""Joe"","
Gapo.md,1750419023611,"""gender"": {","""gender"": {"
Gapo.md,1750419023611,"""gender"": 1,","""gender"": 1,"
Gapo.md,1750419023611,"""privacy"": 1","""privacy"": 1"
Gapo.md,1750419023611,"},","},"
Gapo.md,1750419023611,"""cover"": ""https://image-5.gapo.vn/images/9f0efc3b-7130-4cd3-92c0-c9f12da0ef6c.jpeg"",","""cover"": ""https://image-5.gapo.vn/images/9f0efc3b-7130-4cd3-92c0-c9f12da0ef6c.jpeg"","
Gapo.md,1750419023611,"""avatar"": ""https://image-5.gapo.vn/images/fc034ca7-de12-4987-9506-cceade29e4e3.jpeg"",","""avatar"": ""https://image-5.gapo.vn/images/fc034ca7-de12-4987-9506-cceade29e4e3.jpeg"","
Gapo.md,1750419023611,"""birthday"": {},","""birthday"": {},"
Gapo.md,1750419023611,"""social_links"": {","""social_links"": {"
Gapo.md,1750419023611,"""facebook"": ""158188511978953"",","""facebook"": ""158188511978953"","
Gapo.md,1750419023611,"""instagram"": """",","""instagram"": """","
Gapo.md,1750419023611,"""tiktok"": """",","""tiktok"": """","
Gapo.md,1750419023611,"""youtube"": """"","""youtube"": """""
Gapo.md,1750419023611,"},","},"
Gapo.md,1750419023611,"""featured_media"": {","""featured_media"": {"
Gapo.md,1750419023611,"""photos"": [],","""photos"": [],"
Gapo.md,1750419023611,"""posts"": [],","""posts"": [],"
Gapo.md,1750419023611,"""stories"": []","""stories"": []"
Gapo.md,1750419023611,"},","},"
Gapo.md,1750419023611,"""status_kyc"": 3,","""status_kyc"": 3,"
Gapo.md,1750419023611,"""status_verify"": 0,","""status_verify"": 0,"
Gapo.md,1750419023611,"""count"": {","""count"": {"
Gapo.md,1750419023611,"""post_count"": 872,","""post_count"": 872,"
Gapo.md,1750419023611,"""react_count"": 586494,","""react_count"": 586494,"
Gapo.md,1750419023611,"""share_count"": 0,","""share_count"": 0,"
Gapo.md,1750419023611,"""friend_count"": 4014,","""friend_count"": 4014,"
Gapo.md,1750419023611,"""follow_count"": 6446","""follow_count"": 6446"
Gapo.md,1750419023611,"},","},"
Gapo.md,1750419023611,"""info"": {","""info"": {"
Gapo.md,1750419023611,"""website"": """",","""website"": """","
Gapo.md,1750419023611,"""address"": {","""address"": {"
Gapo.md,1750419023611,"""hometown"": {","""hometown"": {"
Gapo.md,1750419023611,"""city"": 58,","""city"": 58,"
Gapo.md,1750419023611,"""privacy"": 1","""privacy"": 1"
Gapo.md,1750419023611,"},","},"
Gapo.md,1750419023611,"""current"": {","""current"": {"
Gapo.md,1750419023611,"""city"": 58,","""city"": 58,"
Gapo.md,1750419023611,"""privacy"": 1","""privacy"": 1"
Gapo.md,1750419023611,},}
Gapo.md,1750419023611,"},","},"
Gapo.md,1750419023611,"""relationship"": {","""relationship"": {"
Gapo.md,1750419023611,"""title"": ""ƒê·ªôc th√¢n"",","""title"": ""ƒê·ªôc th√¢n"","
Gapo.md,1750419023611,"""privacy"": 1","""privacy"": 1"
Gapo.md,1750419023611,"},","},"
Gapo.md,1750419023611,"""education"": [{","""education"": [{"
Gapo.md,1750419023611,"""school"": ""THPT Ph·∫°m Th√†nh Trung"",","""school"": ""THPT Ph·∫°m Th√†nh Trung"","
Gapo.md,1750419023611,"""title"": """",","""title"": """","
Gapo.md,1750419023611,"""privacy"": 1","""privacy"": 1"
Gapo.md,1750419023611,"}],","}],"
Gapo.md,1750419023611,"""work"": [{","""work"": [{"
Gapo.md,1750419023611,"""company"": ""‚ìñ‚ìê‚ìü‚ìû"",","""company"": ""‚ìñ‚ìê‚ìü‚ìû"","
Gapo.md,1750419023611,"""title"": ""Fan"",","""title"": ""Fan"","
Gapo.md,1750419023611,"""privacy"": 1","""privacy"": 1"
Gapo.md,1750419023611,"}],","}],"
Gapo.md,1750419023611,"""bio"": ""K·∫øt b·∫°n em nha üòç \nS·ª± c·ªë g·∫Øng lu√¥n ƒë∆∞·ª£c ƒë·ªÅn ƒë√°p x·ª©ng ƒë√°ng""","""bio"": ""K·∫øt b·∫°n em nha üòç \nS·ª± c·ªë g·∫Øng lu√¥n ƒë∆∞·ª£c ƒë·ªÅn ƒë√°p x·ª©ng ƒë√°ng"""
Gapo.md,1750419023611,"},","},"
Gapo.md,1750419023611,"""interest"": [","""interest"": ["
Gapo.md,1750419023611,"29,","29,"
Gapo.md,1750419023611,"104,","104,"
Gapo.md,1750419023611,106,106
Gapo.md,1750419023611,"],","],"
Gapo.md,1750419023611,"""hobbies"": [{","""hobbies"": [{"
Gapo.md,1750419023611,"""id"": 4,","""id"": 4,"
Gapo.md,1750419023611,"""title"": ""ƒÇn u·ªëng"",","""title"": ""ƒÇn u·ªëng"","
Gapo.md,1750419023611,"""icon"": ""https://image-1.gapo.vn/images/e564e836-d89d-4e7c-8907-7a400fb1f9e1.png""","""icon"": ""https://image-1.gapo.vn/images/e564e836-d89d-4e7c-8907-7a400fb1f9e1.png"""
Gapo.md,1750419023611,"}, ...],","}, ...],"
Gapo.md,1750419023611,"""link_profile"": ""tvt21387"",","""link_profile"": ""tvt21387"","
Gapo.md,1750419023611,"""cover_data"": {","""cover_data"": {"
Gapo.md,1750419023611,"""id"": ""3a9df71f-b742-497a-b490-7b7e4bc35ee2"",","""id"": ""3a9df71f-b742-497a-b490-7b7e4bc35ee2"","
Gapo.md,1750419023611,"""src"": ""https://image-5.gapo.vn/images/9f0efc3b-7130-4cd3-92c0-c9f12da0ef6c.jpeg"",","""src"": ""https://image-5.gapo.vn/images/9f0efc3b-7130-4cd3-92c0-c9f12da0ef6c.jpeg"","
Gapo.md,1750419023611,"""width"": 1242,","""width"": 1242,"
Gapo.md,1750419023611,"""height"": 558,","""height"": 558,"
Gapo.md,1750419023611,"""src_thumb_pattern"": ""https://cdn-thumb-image-5.gapo.vn/$size$/smart/9f0efc3b-7130-4cd3-92c0-c9f12da0ef6c.jpeg""","""src_thumb_pattern"": ""https://cdn-thumb-image-5.gapo.vn/$size$/smart/9f0efc3b-7130-4cd3-92c0-c9f12da0ef6c.jpeg"""
Gapo.md,1750419023611,"},","},"
Gapo.md,1750419023611,"""avatar_data"": {","""avatar_data"": {"
Gapo.md,1750419023611,"""id"": ""1e1f8f6a-d765-4ddc-83e8-ca032f679c9a"",","""id"": ""1e1f8f6a-d765-4ddc-83e8-ca032f679c9a"","
Gapo.md,1750419023611,"""src"": ""https://image-5.gapo.vn/images/fc034ca7-de12-4987-9506-cceade29e4e3.jpeg"",","""src"": ""https://image-5.gapo.vn/images/fc034ca7-de12-4987-9506-cceade29e4e3.jpeg"","
Gapo.md,1750419023611,"""width"": 2048,","""width"": 2048,"
Gapo.md,1750419023611,"""height"": 2048,","""height"": 2048,"
Gapo.md,1750419023611,"""src_thumb_pattern"": ""https://cdn-thumb-image-5.gapo.vn/$size$/smart/fc034ca7-de12-4987-9506-cceade29e4e3.jpeg""","""src_thumb_pattern"": ""https://cdn-thumb-image-5.gapo.vn/$size$/smart/fc034ca7-de12-4987-9506-cceade29e4e3.jpeg"""
Gapo.md,1750419023611,"},","},"
Gapo.md,1750419023611,"""background"": {","""background"": {"
Gapo.md,1750419023611,"""src"": """",","""src"": """","
Gapo.md,1750419023611,"""width"": 0,","""width"": 0,"
Gapo.md,1750419023611,"""height"": 0,","""height"": 0,"
Gapo.md,1750419023611,"""src_thumb_pattern"": """"","""src_thumb_pattern"": """""
Gapo.md,1750419023611,"},","},"
Gapo.md,1750419023611,"""workspace_account"": 0,","""workspace_account"": 0,"
Gapo.md,1750419023611,"""avatar_thumb_pattern"": ""https://cdn-thumb-image-5.gapo.vn/$size$/smart/fc034ca7-de12-4987-9506-cceade29e4e3.jpeg"",","""avatar_thumb_pattern"": ""https://cdn-thumb-image-5.gapo.vn/$size$/smart/fc034ca7-de12-4987-9506-cceade29e4e3.jpeg"","
Gapo.md,1750419023611,"""cover_thumb_pattern"": ""https://cdn-thumb-image-5.gapo.vn/$size$/smart/9f0efc3b-7130-4cd3-92c0-c9f12da0ef6c.jpeg"",","""cover_thumb_pattern"": ""https://cdn-thumb-image-5.gapo.vn/$size$/smart/9f0efc3b-7130-4cd3-92c0-c9f12da0ef6c.jpeg"","
Gapo.md,1750419023611,"""relation"": """",","""relation"": """","
Gapo.md,1750419023611,"""see_first"": 0,","""see_first"": 0,"
Gapo.md,1750419023611,"""follow"": 0,","""follow"": 0,"
Gapo.md,1750419023611,"""domain"": ""gapo.vn"",","""domain"": ""gapo.vn"","
Gapo.md,1750419023611,"""link"": ""https://gapo.vn/tvt21387""","""link"": ""https://gapo.vn/tvt21387"""
Gapo.md,1750419023611,},}
Gapo.md,1750419023611,```,```
Gapo.md,1750419023611,Get User Profile,Get User Profile
Gapo.md,1750419023611,`GET https://api.gapo.vn/user-profile/v1.0/profile/12345`,`GET https://api.gapo.vn/user-profile/v1.0/profile/12345`
Gapo.md,1750419023611,Response:,Response:
Gapo.md,1750419023611,```json,```json
Gapo.md,1750419023611,{,{
Gapo.md,1750419023611,"""code"": 200,","""code"": 200,"
Gapo.md,1750419023611,"""data"": User,","""data"": User,"
Gapo.md,1750419023611,"""message"": ""Ok""","""message"": ""Ok"""
Gapo.md,1750419023611,},}
Gapo.md,1750419023611,```,```
Gapo.md,1750419023611,Posts,Posts
Gapo.md,1750419023611,```json,```json
Gapo.md,1750419023611,{,{
Gapo.md,1750419023611,"""id"": ""qsgh7bcyu7tv"",","""id"": ""qsgh7bcyu7tv"","
Gapo.md,1750419023611,"""title"": """",","""title"": """","
Gapo.md,1750419023611,"""content"": ""N·∫øu c√≥ th·ªÉ,ch√∫ng ta tr·ªü l·∫°i nh∆∞ Ng√†y x∆∞a ƒë∆∞·ª£c kh√¥ng?\nNg√†y ƒë·∫ßu anh v√† em t·ª´ng y√™u,nhau b√™nh nhau ·∫•y !!!"",","""content"": ""N·∫øu c√≥ th·ªÉ,ch√∫ng ta tr·ªü l·∫°i nh∆∞ Ng√†y x∆∞a ƒë∆∞·ª£c kh√¥ng?\nNg√†y ƒë·∫ßu anh v√† em t·ª´ng y√™u,nhau b√™nh nhau ·∫•y !!!"","
Gapo.md,1750419023611,"""mention"": [],","""mention"": [],"
Gapo.md,1750419023611,"""status"": 1,","""status"": 1,"
Gapo.md,1750419023611,"""create_time"": 1619918615,","""create_time"": 1619918615,"
Gapo.md,1750419023611,"""update_time"": 1619918615,","""update_time"": 1619918615,"
Gapo.md,1750419023611,"""post_type"": 2,","""post_type"": 2,"
Gapo.md,1750419023611,"""target"": ""user:784110883"",","""target"": ""user:784110883"","
Gapo.md,1750419023611,"""privacy"": 1,","""privacy"": 1,"
Gapo.md,1750419023611,"""mediaData"": [{","""mediaData"": [{"
Gapo.md,1750419023611,"""type"": ""image"",","""type"": ""image"","
Gapo.md,1750419023611,"""image_id"": ""fd128682-a367-46f3-a5b2-bd0376c3d17f"",","""image_id"": ""fd128682-a367-46f3-a5b2-bd0376c3d17f"","
Gapo.md,1750419023611,"""store"": ""image-5.gapo.vn"",","""store"": ""image-5.gapo.vn"","
Gapo.md,1750419023611,"""path"": ""images/fd128682-a367-46f3-a5b2-bd0376c3d17f.jpeg"",","""path"": ""images/fd128682-a367-46f3-a5b2-bd0376c3d17f.jpeg"","
Gapo.md,1750419023611,"""src"": ""https://image-5.gapo.vn/images/fd128682-a367-46f3-a5b2-bd0376c3d17f.jpeg"",","""src"": ""https://image-5.gapo.vn/images/fd128682-a367-46f3-a5b2-bd0376c3d17f.jpeg"","
Gapo.md,1750419023611,"""thumb_pattern"": ""https://cdn-thumb-image-5.gapo.vn/$size$/smart/fd128682-a367-46f3-a5b2-bd0376c3d17f.jpeg"",","""thumb_pattern"": ""https://cdn-thumb-image-5.gapo.vn/$size$/smart/fd128682-a367-46f3-a5b2-bd0376c3d17f.jpeg"","
Gapo.md,1750419023611,"""width"": 1534,","""width"": 1534,"
Gapo.md,1750419023611,"""height"": 2048","""height"": 2048"
Gapo.md,1750419023611,"}],","}],"
Gapo.md,1750419023611,"""comments"": [{","""comments"": [{"
Gapo.md,1750419023611,"""id"": ""qsgpctkgotzf"",","""id"": ""qsgpctkgotzf"","
Gapo.md,1750419023611,"""post_id"": ""qsgh7bcyu7tv"",","""post_id"": ""qsgh7bcyu7tv"","
Gapo.md,1750419023611,"""parent_id"": ""0"",","""parent_id"": ""0"","
Gapo.md,1750419023611,"""content"": ""Trong cu·ªôc ƒë·ªùi ƒë·ª´ng bao gi·ªù ghƒ© t·ªõi ƒëi·ªÅu gi√° nh∆∞ hay n·∫øu nh∆∞. N·∫øu c√≥ dc nh∆∞ v·∫≠y th√¨ cu·ªôc s·ªëng ch·∫£ c√≥ g√¨ goi l√† v·∫•p ng√£"",","""content"": ""Trong cu·ªôc ƒë·ªùi ƒë·ª´ng bao gi·ªù ghƒ© t·ªõi ƒëi·ªÅu gi√° nh∆∞ hay n·∫øu nh∆∞. N·∫øu c√≥ dc nh∆∞ v·∫≠y th√¨ cu·ªôc s·ªëng ch·∫£ c√≥ g√¨ goi l√† v·∫•p ng√£"","
Gapo.md,1750419023611,"""mention"": [],","""mention"": [],"
Gapo.md,1750419023611,"""mediaData"": [],","""mediaData"": [],"
Gapo.md,1750419023611,"""status"": 1,","""status"": 1,"
Gapo.md,1750419023611,"""counts"": {","""counts"": {"
Gapo.md,1750419023611,"""reply_count"": 1,","""reply_count"": 1,"
Gapo.md,1750419023611,"""react_count"": 1","""react_count"": 1"
Gapo.md,1750419023611,"},","},"
Gapo.md,1750419023611,"""create_time"": 1619929181,","""create_time"": 1619929181,"
Gapo.md,1750419023611,"""update_time"": null,","""update_time"": null,"
Gapo.md,1750419023611,"""comment_as"": ""user:1237355979"",","""comment_as"": ""user:1237355979"","
Gapo.md,1750419023611,"""user"": User,","""user"": User,"
Gapo.md,1750419023611,"""react_count"": {","""react_count"": {"
Gapo.md,1750419023611,"""react_type_1"": 1,","""react_type_1"": 1,"
Gapo.md,1750419023611,"""react_type_2"": 0,","""react_type_2"": 0,"
Gapo.md,1750419023611,"""react_type_3"": 0,","""react_type_3"": 0,"
Gapo.md,1750419023611,"""react_type_4"": 0,","""react_type_4"": 0,"
Gapo.md,1750419023611,"""react_type_5"": 0,","""react_type_5"": 0,"
Gapo.md,1750419023611,"""react_type_6"": 0,","""react_type_6"": 0,"
Gapo.md,1750419023611,"""react_type_7"": 0,","""react_type_7"": 0,"
Gapo.md,1750419023611,"""react_type_8"": 0,","""react_type_8"": 0,"
Gapo.md,1750419023611,"""react_type_9"": 0,","""react_type_9"": 0,"
Gapo.md,1750419023611,"""react_type_10"": 0,","""react_type_10"": 0,"
Gapo.md,1750419023611,"""react_type_11"": 0","""react_type_11"": 0"
Gapo.md,1750419023611,},}
Gapo.md,1750419023611,"}],","}],"
Gapo.md,1750419023611,"""counts"": {","""counts"": {"
Gapo.md,1750419023611,"""comment_count"": 2,","""comment_count"": 2,"
Gapo.md,1750419023611,"""view_count"": 19,","""view_count"": 19,"
Gapo.md,1750419023611,"""share_count"": 0,","""share_count"": 0,"
Gapo.md,1750419023611,"""react_count"": 15","""react_count"": 15"
Gapo.md,1750419023611,"},","},"
Gapo.md,1750419023611,"""user"": User,","""user"": User,"
Gapo.md,1750419023611,"""react_count"": {","""react_count"": {"
Gapo.md,1750419023611,"""react_type_1"": 13,","""react_type_1"": 13,"
Gapo.md,1750419023611,"""react_type_2"": 1,","""react_type_2"": 1,"
Gapo.md,1750419023611,"""react_type_3"": 1,","""react_type_3"": 1,"
Gapo.md,1750419023611,"""react_type_4"": 0,","""react_type_4"": 0,"
Gapo.md,1750419023611,"""react_type_5"": 0,","""react_type_5"": 0,"
Gapo.md,1750419023611,"""react_type_6"": 0,","""react_type_6"": 0,"
Gapo.md,1750419023611,"""react_type_7"": 0,","""react_type_7"": 0,"
Gapo.md,1750419023611,"""react_type_8"": 0,","""react_type_8"": 0,"
Gapo.md,1750419023611,"""react_type_9"": 0,","""react_type_9"": 0,"
Gapo.md,1750419023611,"""react_type_10"": 0,","""react_type_10"": 0,"
Gapo.md,1750419023611,"""react_type_11"": 0","""react_type_11"": 0"
Gapo.md,1750419023611,"},","},"
Gapo.md,1750419023611,"""react_status"": 0","""react_status"": 0"
Gapo.md,1750419023611,},}
Gapo.md,1750419023611,```,```
Gapo.md,1750419023611,Get post reactions:,Get post reactions:
Gapo.md,1750419023611,`GET https://api.gapo.vn/react/v3.0/post/list-user-react/qozo38gi3`,`GET https://api.gapo.vn/react/v3.0/post/list-user-react/qozo38gi3`
Gapo.md,1750419023611,Response:,Response:
Gapo.md,1750419023611,```json,```json
Gapo.md,1750419023611,{,{
Gapo.md,1750419023611,"""code"": 0,","""code"": 0,"
Gapo.md,1750419023611,"""data"": [{","""data"": [{"
Gapo.md,1750419023611,"""user"": User,","""user"": User,"
Gapo.md,1750419023611,"""react_type"": 1,","""react_type"": 1,"
Gapo.md,1750419023611,"""updated_at"": 1614715051000,","""updated_at"": 1614715051000,"
Gapo.md,1750419023611,"""relation"": """"","""relation"": """""
Gapo.md,1750419023611,"}],","}],"
Gapo.md,1750419023611,"""links"": {","""links"": {"
Gapo.md,1750419023611,"""next"": ""last_time=1614110434000"",","""next"": ""last_time=1614110434000"","
Gapo.md,1750419023611,"""prev"": ""last_time=1614715051000""","""prev"": ""last_time=1614715051000"""
Gapo.md,1750419023611,"},","},"
Gapo.md,1750419023611,"""message"": ""Ok""","""message"": ""Ok"""
Gapo.md,1750419023611,},}
Gapo.md,1750419023611,```,```
Gapo.md,1750419023611,Get User Posts,Get User Posts
Gapo.md,1750419023611,`GET https://api.gapo.vn/main/v1.4/feed/user/12345?expand=comments&from_id&limit=10&next=`,`GET https://api.gapo.vn/main/v1.4/feed/user/12345?expand=comments&from_id&limit=10&next=`
Gapo.md,1750419023611,Response:,Response:
Gapo.md,1750419023611,```json,```json
Gapo.md,1750419023611,{,{
Gapo.md,1750419023611,"""data"": [Post],","""data"": [Post],"
Gapo.md,1750419023611,"""links"": {","""links"": {"
Gapo.md,1750419023611,"""next"": ""?from_id=qhxno1cyu7tv""","""next"": ""?from_id=qhxno1cyu7tv"""
Gapo.md,1750419023611,},}
Gapo.md,1750419023611,},}
Gapo.md,1750419023611,```,```
Gapo.md,1750419023611,Get User Photos,Get User Photos
Gapo.md,1750419023611,`GET https://api.gapo.vn/main/v1.4/feed/user-photo?user_id=21387`,`GET https://api.gapo.vn/main/v1.4/feed/user-photo?user_id=21387`
Gapo.md,1750419023611,Response:,Response:
Gapo.md,1750419023611,```json,```json
Gapo.md,1750419023611,{,{
Gapo.md,1750419023611,"""data"": [Post],","""data"": [Post],"
Gapo.md,1750419023611,"""links"": {","""links"": {"
Gapo.md,1750419023611,"""next"": ""?from_id=qhxno1cyu7tv""","""next"": ""?from_id=qhxno1cyu7tv"""
Gapo.md,1750419023611,},}
Gapo.md,1750419023611,},}
Gapo.md,1750419023611,```,```
Gapo.md,1750419023611,Pages,Pages
Gapo.md,1750419023611,```json,```json
Gapo.md,1750419023611,{,{
Gapo.md,1750419023611,"""create_at"": 1623682397795,","""create_at"": 1623682397795,"
Gapo.md,1750419023611,"""last_update"": 1623682451829,","""last_update"": 1623682451829,"
Gapo.md,1750419023611,"""page_id"": ""1782757920457414464"",","""page_id"": ""1782757920457414464"","
Gapo.md,1750419023611,"""title"": ""Football Credent"",","""title"": ""Football Credent"","
Gapo.md,1750419023611,"""alias"": """",","""alias"": """","
Gapo.md,1750419023611,"""description"": """",","""description"": """","
Gapo.md,1750419023611,"""info"": """",","""info"": """","
Gapo.md,1750419023611,"""type"": 17,","""type"": 17,"
Gapo.md,1750419023611,"""type_name"": ""Th·ªÉ thao"",","""type_name"": ""Th·ªÉ thao"","
Gapo.md,1750419023611,"""avatar"": ""https://image-5.gapo.vn/images/dbb72e92-2745-4456-9671-bc7ba5864a87.jpeg"",","""avatar"": ""https://image-5.gapo.vn/images/dbb72e92-2745-4456-9671-bc7ba5864a87.jpeg"","
Gapo.md,1750419023611,"""cover"": ""https://image-5.gapo.vn/images/202b112e-8765-4125-bcc0-d821d594f33e.jpeg"",","""cover"": ""https://image-5.gapo.vn/images/202b112e-8765-4125-bcc0-d821d594f33e.jpeg"","
Gapo.md,1750419023611,"""email"": """",","""email"": """","
Gapo.md,1750419023611,"""phone"": """",","""phone"": """","
Gapo.md,1750419023611,"""website"": """",","""website"": """","
Gapo.md,1750419023611,"""status"": 1,","""status"": 1,"
Gapo.md,1750419023611,"""page_status"": 1,","""page_status"": 1,"
Gapo.md,1750419023611,"""status_verify"": 0,","""status_verify"": 0,"
Gapo.md,1750419023611,"""province"": 0,","""province"": 0,"
Gapo.md,1750419023611,"""labels"": [],","""labels"": [],"
Gapo.md,1750419023611,"""background"": {","""background"": {"
Gapo.md,1750419023611,"""src_thumb_pattern"": """",","""src_thumb_pattern"": """","
Gapo.md,1750419023611,"""src"": """",","""src"": """","
Gapo.md,1750419023611,"""width"": 0,","""width"": 0,"
Gapo.md,1750419023611,"""height"": 0,","""height"": 0,"
Gapo.md,1750419023611,"""position"": 0,","""position"": 0,"
Gapo.md,1750419023611,"""media_id"": """"","""media_id"": """""
Gapo.md,1750419023611,"},","},"
Gapo.md,1750419023611,"""is_like"": 0,","""is_like"": 0,"
Gapo.md,1750419023611,"""see_first"": 0,","""see_first"": 0,"
Gapo.md,1750419023611,"""follow_count"": 0,","""follow_count"": 0,"
Gapo.md,1750419023611,"""avatar_thumb_pattern"": ""https://cdn-thumb-image-5.gapo.vn/$size$/smart/dbb72e92-2745-4456-9671-bc7ba5864a87.jpeg"",","""avatar_thumb_pattern"": ""https://cdn-thumb-image-5.gapo.vn/$size$/smart/dbb72e92-2745-4456-9671-bc7ba5864a87.jpeg"","
Gapo.md,1750419023611,"""cover_thumb_pattern"": ""https://cdn-thumb-image-5.gapo.vn/$size$/smart/202b112e-8765-4125-bcc0-d821d594f33e.jpeg""","""cover_thumb_pattern"": ""https://cdn-thumb-image-5.gapo.vn/$size$/smart/202b112e-8765-4125-bcc0-d821d594f33e.jpeg"""
Gapo.md,1750419023611,},}
Gapo.md,1750419023611,```,```
Gapo.md,1750419023611,Get page:,Get page:
Gapo.md,1750419023611,`GET https://api.gapo.vn/page/v1.1/pages/1774723903168544996`,`GET https://api.gapo.vn/page/v1.1/pages/1774723903168544996`
Gapo.md,1750419023611,Response:,Response:
Gapo.md,1750419023611,```json,```json
Gapo.md,1750419023611,{,{
Gapo.md,1750419023611,"""code"": 200,","""code"": 200,"
Gapo.md,1750419023611,"""message"": ""ƒê√£ x·ª≠ l√Ω th√†nh c√¥ng!"",","""message"": ""ƒê√£ x·ª≠ l√Ω th√†nh c√¥ng!"","
Gapo.md,1750419023611,"""data"": Page","""data"": Page"
Gapo.md,1750419023611,},}
Gapo.md,1750419023611,```,```
Gapo.md,1750419023611,Get page feed:,Get page feed:
Gapo.md,1750419023611,`GET https://api.gapo.vn/main/v1.4/feed/page/1777736224780732400`,`GET https://api.gapo.vn/main/v1.4/feed/page/1777736224780732400`
Gapo.md,1750419023611,Response:,Response:
Gapo.md,1750419023611,```json,```json
Gapo.md,1750419023611,{,{
Gapo.md,1750419023611,"""data"": [Post],","""data"": [Post],"
Gapo.md,1750419023611,"""links"": {","""links"": {"
Gapo.md,1750419023611,"""next"": ""?from_id=qhxno1cyu7tv""","""next"": ""?from_id=qhxno1cyu7tv"""
Gapo.md,1750419023611,},}
Gapo.md,1750419023611,},}
Gapo.md,1750419023611,```,```
Gapo.md,1750419023611,Groups,Groups
Gapo.md,1750419023611,```json,```json
Gapo.md,1750419023611,{,{
Gapo.md,1750419023611,"""id"": ""2352381379997745152"",","""id"": ""2352381379997745152"","
Gapo.md,1750419023611,"""name"": ""DLS FOOTBALL GANE"",","""name"": ""DLS FOOTBALL GANE"","
Gapo.md,1750419023611,"""description"": ""D√†nh cho nh·ªØng ai ƒëam m√™ DLS mobile"",","""description"": ""D√†nh cho nh·ªØng ai ƒëam m√™ DLS mobile"","
Gapo.md,1750419023611,"""privacy"": ""PUBLIC"",","""privacy"": ""PUBLIC"","
Gapo.md,1750419023611,"""owner_id"": ""1180326917"",","""owner_id"": ""1180326917"","
Gapo.md,1750419023611,"""cover"": """",","""cover"": """","
Gapo.md,1750419023611,"""cover_thumb_pattern"": """",","""cover_thumb_pattern"": """","
Gapo.md,1750419023611,"""member_count"": ""1"",","""member_count"": ""1"","
Gapo.md,1750419023611,"""blocked"": false,","""blocked"": false,"
Gapo.md,1750419023611,"""created_at"": ""1597600195"",","""created_at"": ""1597600195"","
Gapo.md,1750419023611,"""discoverability"": ""VISIBLE"",","""discoverability"": ""VISIBLE"","
Gapo.md,1750419023611,"""post_need_approve"": false,","""post_need_approve"": false,"
Gapo.md,1750419023611,"""current_user_status"": ""GUEST"",","""current_user_status"": ""GUEST"","
Gapo.md,1750419023611,"""alias"": """",","""alias"": """","
Gapo.md,1750419023611,"""is_hot"": false,","""is_hot"": false,"
Gapo.md,1750419023611,"""approve_requests"": ""Auto"",","""approve_requests"": ""Auto"","
Gapo.md,1750419023611,"""hidden_managers"": false,","""hidden_managers"": false,"
Gapo.md,1750419023611,"""background_image"": """",","""background_image"": """","
Gapo.md,1750419023611,"""has_rules"": false,","""has_rules"": false,"
Gapo.md,1750419023611,"""background_position"": 0,","""background_position"": 0,"
Gapo.md,1750419023611,"""labels"": [],","""labels"": [],"
Gapo.md,1750419023611,"""current_user_joined_at"": ""0"",","""current_user_joined_at"": ""0"","
Gapo.md,1750419023611,"""score"": 0,","""score"": 0,"
Gapo.md,1750419023611,"""total_post"": ""0"",","""total_post"": ""0"","
Gapo.md,1750419023611,"""preview_members"": [],","""preview_members"": [],"
Gapo.md,1750419023611,"""current_member"": {","""current_member"": {"
Gapo.md,1750419023611,"""user_id"": """",","""user_id"": """","
Gapo.md,1750419023611,"""role"": """"","""role"": """""
Gapo.md,1750419023611,"},","},"
Gapo.md,1750419023611,"""premium_status"": ""Free"",","""premium_status"": ""Free"","
Gapo.md,1750419023611,"""workspace_group"": false,","""workspace_group"": false,"
Gapo.md,1750419023611,"""workspace_id"": """",","""workspace_id"": """","
Gapo.md,1750419023611,"""workspace_name"": """"","""workspace_name"": """""
Gapo.md,1750419023611,},}
Gapo.md,1750419023611,```,```
Gapo.md,1750419023611,Get group:,Get group:
Gapo.md,1750419023611,`GET https://api.gapo.vn/group/v1.1/groups/2352381379997745152`,`GET https://api.gapo.vn/group/v1.1/groups/2352381379997745152`
Gapo.md,1750419023611,Response:,Response:
Gapo.md,1750419023611,```json,```json
Gapo.md,1750419023611,{,{
Gapo.md,1750419023611,"""data"": Group","""data"": Group"
Gapo.md,1750419023611,},}
Gapo.md,1750419023611,```,```
Gapo.md,1750419023611,Get group members:,Get group members:
Gapo.md,1750419023611,`GET https://api.gapo.vn/membership/v1.1/groups/2352381379997745152/members`,`GET https://api.gapo.vn/membership/v1.1/groups/2352381379997745152/members`
Gapo.md,1750419023611,Response:,Response:
Gapo.md,1750419023611,```json,```json
Gapo.md,1750419023611,{,{
Gapo.md,1750419023611,"""total"": 1,","""total"": 1,"
Gapo.md,1750419023611,"""data"": [User]","""data"": [User]"
Gapo.md,1750419023611,"""links"": {","""links"": {"
Gapo.md,1750419023611,"""next"": """",","""next"": """","
Gapo.md,1750419023611,"""prev"": """"","""prev"": """""
Gapo.md,1750419023611,},}
Gapo.md,1750419023611,},}
Gapo.md,1750419023611,```,```
Gapo.md,1750419023611,Get group feed:,Get group feed:
Gapo.md,1750419023611,`GET https://api.gapo.vn/main/v1.4/feed/group/2352381379997745152`,`GET https://api.gapo.vn/main/v1.4/feed/group/2352381379997745152`
Gapo.md,1750419023611,Response:,Response:
Gapo.md,1750419023611,```json,```json
Gapo.md,1750419023611,{,{
Gapo.md,1750419023611,"""data"": [Post],","""data"": [Post],"
Gapo.md,1750419023611,"""links"": {","""links"": {"
Gapo.md,1750419023611,"""next"": ""?from_id=qhxno1cyu7tv""","""next"": ""?from_id=qhxno1cyu7tv"""
Gapo.md,1750419023611,},}
Gapo.md,1750419023611,},}
Gapo.md,1750419023611,```,```
Gapo.md,1750419023611,Search,Search
Gapo.md,1750419023611,Search for users:,Search for users:
Gapo.md,1750419023611,`GET https://api.gapo.vn/search/v2.0/search-user?q=joe&page_number=1&limit=10`,`GET https://api.gapo.vn/search/v2.0/search-user?q=joe&page_number=1&limit=10`
Gapo.md,1750419023611,Response:,Response:
Gapo.md,1750419023611,```json,```json
Gapo.md,1750419023611,{,{
Gapo.md,1750419023611,"""code"": 200,","""code"": 200,"
Gapo.md,1750419023611,"""message"": ""ƒê√£ x·ª≠ l√Ω th√†nh c√¥ng!"", // Successfully processed!","""message"": ""ƒê√£ x·ª≠ l√Ω th√†nh c√¥ng!"", // Successfully processed!"
Gapo.md,1750419023611,"""data"": [User],","""data"": [User],"
Gapo.md,1750419023611,"""links"": {","""links"": {"
Gapo.md,1750419023611,"""next"": ""page_number=2&limit=10&q=joe"",","""next"": ""page_number=2&limit=10&q=joe"","
Gapo.md,1750419023611,"""prev"": """",","""prev"": """","
Gapo.md,1750419023611,"""total_pages"": 500","""total_pages"": 500"
Gapo.md,1750419023611,},}
Gapo.md,1750419023611,},}
Gapo.md,1750419023611,```,```
Gapo.md,1750419023611,Search for groups:,Search for groups:
Gapo.md,1750419023611,`GET https://api.gapo.vn/search/v2.0/search-group?q=football&page_number=1&limit=10`,`GET https://api.gapo.vn/search/v2.0/search-group?q=football&page_number=1&limit=10`
Gapo.md,1750419023611,Response:,Response:
Gapo.md,1750419023611,```json,```json
Gapo.md,1750419023611,{,{
Gapo.md,1750419023611,"""code"": 200,","""code"": 200,"
Gapo.md,1750419023611,"""message"": ""ƒê√£ x·ª≠ l√Ω th√†nh c√¥ng!"", // Successfully processed!","""message"": ""ƒê√£ x·ª≠ l√Ω th√†nh c√¥ng!"", // Successfully processed!"
Gapo.md,1750419023611,"""data"": [Group],","""data"": [Group],"
Gapo.md,1750419023611,"""links"": {","""links"": {"
Gapo.md,1750419023611,"""next"": ""page_number=2&limit=10&q=football"",","""next"": ""page_number=2&limit=10&q=football"","
Gapo.md,1750419023611,"""prev"": """",","""prev"": """","
Gapo.md,1750419023611,"""total_pages"": 500","""total_pages"": 500"
Gapo.md,1750419023611,},}
Gapo.md,1750419023611,},}
Gapo.md,1750419023611,```,```
Gapo.md,1750419023611,Search for pages:,Search for pages:
Gapo.md,1750419023611,`GET https://api.gapo.vn/search/v2.0/search-page?q=football&page_number=1&limit=10`,`GET https://api.gapo.vn/search/v2.0/search-page?q=football&page_number=1&limit=10`
Gapo.md,1750419023611,Response:,Response:
Gapo.md,1750419023611,```json,```json
Gapo.md,1750419023611,{,{
Gapo.md,1750419023611,"""code"": 200,","""code"": 200,"
Gapo.md,1750419023611,"""message"": ""ƒê√£ x·ª≠ l√Ω th√†nh c√¥ng!"", // Successfully processed!","""message"": ""ƒê√£ x·ª≠ l√Ω th√†nh c√¥ng!"", // Successfully processed!"
Gapo.md,1750419023611,"""data"": [Page],","""data"": [Page],"
Gapo.md,1750419023611,"""links"": {","""links"": {"
Gapo.md,1750419023611,"""next"": ""page_number=2&limit=10&q=football"",","""next"": ""page_number=2&limit=10&q=football"","
Gapo.md,1750419023611,"""prev"": """",","""prev"": """","
Gapo.md,1750419023611,"""total_pages"": 500","""total_pages"": 500"
Gapo.md,1750419023611,},}
Gapo.md,1750419023611,},}
Gapo.md,1750419023611,```,```
WeMe.md,1750419023611,WeMe,WeMe
WeMe.md,1750419023611,API,API
WeMe.md,1750419023611,Users,Users
WeMe.md,1750419023611,```json,```json
WeMe.md,1750419023611,{,{
WeMe.md,1750419023611,"""id"": ""5602c780e4b08f388c897a39"",","""id"": ""5602c780e4b08f388c897a39"","
WeMe.md,1750419023611,"""name"": ""Mark Weinstein"",","""name"": ""Mark Weinstein"","
WeMe.md,1750419023611,"""firstName"": ""Mark"",","""firstName"": ""Mark"","
WeMe.md,1750419023611,"""lastName"": ""Weinstein"",","""lastName"": ""Weinstein"","
WeMe.md,1750419023611,"""fingerprint"": ""F1482297596208YCECRS"",","""fingerprint"": ""F1482297596208YCECRS"","
WeMe.md,1750419023611,"""registeredAt"": 1443022720,","""registeredAt"": 1443022720,"
WeMe.md,1750419023611,"""_links"": {","""_links"": {"
WeMe.md,1750419023611,"""self"": {","""self"": {"
WeMe.md,1750419023611,"""href"": ""/api/v2/mycontacts/user""","""href"": ""/api/v2/mycontacts/user"""
WeMe.md,1750419023611,"},","},"
WeMe.md,1750419023611,"""avatar"": {","""avatar"": {"
WeMe.md,1750419023611,"""href"": ""/api/v2/photo/profile/{imageSize}/5602c780e4b08f388c897a39?group=&f=F1482297596208YCECRS"",","""href"": ""/api/v2/photo/profile/{imageSize}/5602c780e4b08f388c897a39?group=&f=F1482297596208YCECRS"","
WeMe.md,1750419023611,"""templated"": true","""templated"": true"
WeMe.md,1750419023611,"},","},"
WeMe.md,1750419023611,"""cover"": {","""cover"": {"
WeMe.md,1750419023611,"""href"": ""/img/predefined/cover-picture.jpg"",","""href"": ""/img/predefined/cover-picture.jpg"","
WeMe.md,1750419023611,"""templated"": true","""templated"": true"
WeMe.md,1750419023611,},}
WeMe.md,1750419023611,"},","},"
WeMe.md,1750419023611,"""profile"": {","""profile"": {"
WeMe.md,1750419023611,"""userId"": ""5602c780e4b08f388c897a39"",","""userId"": ""5602c780e4b08f388c897a39"","
WeMe.md,1750419023611,"""name"": ""Mark Weinstein"",","""name"": ""Mark Weinstein"","
WeMe.md,1750419023611,"""fingerprint"": ""F1482297596208YCECRS"",","""fingerprint"": ""F1482297596208YCECRS"","
WeMe.md,1750419023611,"""text"": """",","""text"": """","
WeMe.md,1750419023611,"""active"": false","""active"": false"
WeMe.md,1750419023611,"},","},"
WeMe.md,1750419023611,"""canChat"": false,","""canChat"": false,"
WeMe.md,1750419023611,"""canSeeContacts"": false,","""canSeeContacts"": false,"
WeMe.md,1750419023611,"""userAllowsToBeInvited"": false,","""userAllowsToBeInvited"": false,"
WeMe.md,1750419023611,"""verified"": true,","""verified"": true,"
WeMe.md,1750419023611,"""status"": ""online"",","""status"": ""online"","
WeMe.md,1750419023611,"""badges"": {","""badges"": {"
WeMe.md,1750419023611,"""verified"": true","""verified"": true"
WeMe.md,1750419023611,"},","},"
WeMe.md,1750419023611,"""contactInviteId"": ""markweinstein2""","""contactInviteId"": ""markweinstein2"""
WeMe.md,1750419023611,},}
WeMe.md,1750419023611,```,```
WeMe.md,1750419023611,Get user info given username,Get user info given username
WeMe.md,1750419023611,`GET https://mewe.com/api/v2/mycontacts/user?inviteId=markweinstein2`,`GET https://mewe.com/api/v2/mycontacts/user?inviteId=markweinstein2`
WeMe.md,1750419023611,Response: User,Response: User
WeMe.md,1750419023611,Get user info given ID,Get user info given ID
WeMe.md,1750419023611,`GET https://mewe.com/api/v2/mycontacts/user/5602c780e4b08f388c897a39`,`GET https://mewe.com/api/v2/mycontacts/user/5602c780e4b08f388c897a39`
WeMe.md,1750419023611,Response: User,Response: User
WeMe.md,1750419023611,Get profile image for a user,Get profile image for a user
WeMe.md,1750419023611,`GET https://img.mewe.com/api/v2/photo/profile/150x150/5602c780e4b08f388c897a39`,`GET https://img.mewe.com/api/v2/photo/profile/150x150/5602c780e4b08f388c897a39`
WeMe.md,1750419023611,`GET https://img.mewe.com/api/v2/photo/profile/400x400/5602c780e4b08f388c897a39`,`GET https://img.mewe.com/api/v2/photo/profile/400x400/5602c780e4b08f388c897a39`
WeMe.md,1750419023611,Posts,Posts
WeMe.md,1750419023611,```json,```json
WeMe.md,1750419023611,{,{
WeMe.md,1750419023611,"""postItemId"": ""60f0c1e026266f0591d2c160"",","""postItemId"": ""60f0c1e026266f0591d2c160"","
WeMe.md,1750419023611,"""userId"": ""5602c780e4b08f388c897a39"",","""userId"": ""5602c780e4b08f388c897a39"","
WeMe.md,1750419023611,"""text"": ""***German Government Privacy Leader Tells Agencies to DeleteFacebook Due to Privacy Violations*** üîè\n\n**Friends and Members,**\n\nThe head of Germany's data protection commission sent a letter to all German government organizations and agencies telling them to delete their Facebook pages because FB *\""failed to comply with German and European privacy laws.\""* üëÄ\n\nThe reality is that FB is a data company masquerading as a social network. FB ignores and violates privacy laws in Europe, the USA, and all over the world and pays the fines it incurs as a \""cost of doing business\"". üí∏ üëé\n\nHats off to Germany's privacy commissioner for fighting back and to people worldwide supporting the MeWe movement - No Tracking, No Ads, NO BS. üé©üëè\n\nMeWe is the first social network with the best social media features **and** a Privacy Bill of Rights for members. üëç üîè ü§ù\n\n**LetsMeWe**\n\nhttps://www.reuters.com/technology/german-privacy-tsar-tells-ministries-shut-facebook-pages-2021-06-29/"",","""text"": ""***German Government Privacy Leader Tells Agencies to DeleteFacebook Due to Privacy Violations*** üîè\n\n**Friends and Members,**\n\nThe head of Germany's data protection commission sent a letter to all German government organizations and agencies telling them to delete their Facebook pages because FB *\""failed to comply with German and European privacy laws.\""* üëÄ\n\nThe reality is that FB is a data company masquerading as a social network. FB ignores and violates privacy laws in Europe, the USA, and all over the world and pays the fines it incurs as a \""cost of doing business\"". üí∏ üëé\n\nHats off to Germany's privacy commissioner for fighting back and to people worldwide supporting the MeWe movement - No Tracking, No Ads, NO BS. üé©üëè\n\nMeWe is the first social network with the best social media features **and** a Privacy Bill of Rights for members. üëç üîè ü§ù\n\n**LetsMeWe**\n\nhttps://www.reuters.com/technology/german-privacy-tsar-tells-ministries-shut-facebook-pages-2021-06-29/"","
WeMe.md,1750419023611,"""link"": {","""link"": {"
WeMe.md,1750419023611,"""description"": ""German government organisations have until the end of the year to close their Facebook (FB.O) pages after the data protection commissioner found the social network had failed to change its practices to comply with German and European privacy laws."",","""description"": ""German government organisations have until the end of the year to close their Facebook (FB.O) pages after the data protection commissioner found the social network had failed to change its practices to comply with German and European privacy laws."","
WeMe.md,1750419023611,"""title"": ""German privacy tsar tells ministries to shut Facebook pages | Reuters"",","""title"": ""German privacy tsar tells ministries to shut Facebook pages | Reuters"","
WeMe.md,1750419023611,"""thumbnailSize"": {","""thumbnailSize"": {"
WeMe.md,1750419023611,"""width"": 564,","""width"": 564,"
WeMe.md,1750419023611,"""height"": 295","""height"": 295"
WeMe.md,1750419023611,"},","},"
WeMe.md,1750419023611,"""_links"": {","""_links"": {"
WeMe.md,1750419023611,"""url"": {","""url"": {"
WeMe.md,1750419023611,"""href"": ""https://www.reuters.com/technology/german-privacy-tsar-tells-ministries-shut-facebook-pages-2021-06-29/""","""href"": ""https://www.reuters.com/technology/german-privacy-tsar-tells-ministries-shut-facebook-pages-2021-06-29/"""
WeMe.md,1750419023611,"},","},"
WeMe.md,1750419023611,"""thumbnail"": {","""thumbnail"": {"
WeMe.md,1750419023611,"""href"": ""https://live-mewe-thumbs.s3.amazonaws.com/nqsm_z_75AnUh1P4QJ2_otjzwSw""","""href"": ""https://live-mewe-thumbs.s3.amazonaws.com/nqsm_z_75AnUh1P4QJ2_otjzwSw"""
WeMe.md,1750419023611,"},","},"
WeMe.md,1750419023611,"""urlHost"": {","""urlHost"": {"
WeMe.md,1750419023611,"""href"": ""www.reuters.com""","""href"": ""www.reuters.com"""
WeMe.md,1750419023611,},}
WeMe.md,1750419023611,},}
WeMe.md,1750419023611,"},","},"
WeMe.md,1750419023611,"""emojis"": {","""emojis"": {"
WeMe.md,1750419023611,"""userEmojis"": [],","""userEmojis"": [],"
WeMe.md,1750419023611,"""emojiCounts"": [{","""emojiCounts"": [{"
WeMe.md,1750419023611,"""‚ù§"": 1332","""‚ù§"": 1332"
WeMe.md,1750419023611,"}, {","}, {"
WeMe.md,1750419023611,"""üîê"": 389","""üîê"": 389"
WeMe.md,1750419023611,"}, {","}, {"
WeMe.md,1750419023611,"""‚úÖ"": 836","""‚úÖ"": 836"
WeMe.md,1750419023611,"}, {","}, {"
WeMe.md,1750419023611,"""üëç"": 2170","""üëç"": 2170"
WeMe.md,1750419023611,"}],","}],"
WeMe.md,1750419023611,"""counts"": {","""counts"": {"
WeMe.md,1750419023611,"""‚ù§"": 1332,","""‚ù§"": 1332,"
WeMe.md,1750419023611,"""üîê"": 389,","""üîê"": 389,"
WeMe.md,1750419023611,"""‚úÖ"": 836,","""‚úÖ"": 836,"
WeMe.md,1750419023611,"""üëç"": 2170","""üëç"": 2170"
WeMe.md,1750419023611,},}
WeMe.md,1750419023611,"},","},"
WeMe.md,1750419023611,"""groupId"": ""55f9dd29e4b050c69e693558"",","""groupId"": ""55f9dd29e4b050c69e693558"","
WeMe.md,1750419023611,"""permissions"": {","""permissions"": {"
WeMe.md,1750419023611,"""canEmojify"": true,","""canEmojify"": true,"
WeMe.md,1750419023611,"""reshare"": true,","""reshare"": true,"
WeMe.md,1750419023611,"""follow"": true","""follow"": true"
WeMe.md,1750419023611,"},","},"
WeMe.md,1750419023611,"""createdAt"": 1626391008,","""createdAt"": 1626391008,"
WeMe.md,1750419023611,"""updatedAt"": 1626391008,","""updatedAt"": 1626391008,"
WeMe.md,1750419023611,"""hashTags"": [""deletefacebook"", ""letsmewe""],","""hashTags"": [""deletefacebook"", ""letsmewe""],"
WeMe.md,1750419023611,"""follows"": false,","""follows"": false,"
WeMe.md,1750419023611,"""sharesCount"": 399","""sharesCount"": 399"
WeMe.md,1750419023611,},}
WeMe.md,1750419023611,```,```
WeMe.md,1750419023611,Groups,Groups
WeMe.md,1750419023611,```json,```json
WeMe.md,1750419023611,{,{
WeMe.md,1750419023611,"""id"": ""55f9dd29e4b050c69e693558"",","""id"": ""55f9dd29e4b050c69e693558"","
WeMe.md,1750419023611,"""name"": ""MeWe News and Updates"",","""name"": ""MeWe News and Updates"","
WeMe.md,1750419023611,"""color"": {","""color"": {"
WeMe.md,1750419023611,"""defaultColor"": ""2d2a82"",","""defaultColor"": ""2d2a82"","
WeMe.md,1750419023611,"""light"": ""7371ab"",","""light"": ""7371ab"","
WeMe.md,1750419023611,"""dark"": ""000058"",","""dark"": ""000058"","
WeMe.md,1750419023611,"""background"": ""dcdbea""","""background"": ""dcdbea"""
WeMe.md,1750419023611,"},","},"
WeMe.md,1750419023611,"""_links"": {","""_links"": {"
WeMe.md,1750419023611,"""self"": {","""self"": {"
WeMe.md,1750419023611,"""href"": ""/api/v2/group/55f9dd29e4b050c69e693558""","""href"": ""/api/v2/group/55f9dd29e4b050c69e693558"""
WeMe.md,1750419023611,"},","},"
WeMe.md,1750419023611,"""groupAvatar"": {","""groupAvatar"": {"
WeMe.md,1750419023611,"""href"": ""/api/v2/photo/33lmUK9ccuyACpWDShh-lLNgXxPT_yKw26k9b9vxQyBbHtwjpA8wQ3gWsE4/{imageSize}/img?static={static}"",","""href"": ""/api/v2/photo/33lmUK9ccuyACpWDShh-lLNgXxPT_yKw26k9b9vxQyBbHtwjpA8wQ3gWsE4/{imageSize}/img?static={static}"","
WeMe.md,1750419023611,"""templated"": true","""templated"": true"
WeMe.md,1750419023611,},}
WeMe.md,1750419023611,},}
WeMe.md,1750419023611,},}
WeMe.md,1750419023611,```,```
WeMe.md,1750419023611,Get posts for a group (optionally filtered by member):,Get posts for a group (optionally filtered by member):
WeMe.md,1750419023611,`GET https://mewe.com/api/v3/group/55f9dd29e4b050c69e693558/[member/5602c780e4b08f388c897a39/]postsfeed`,`GET https://mewe.com/api/v3/group/55f9dd29e4b050c69e693558/[member/5602c780e4b08f388c897a39/]postsfeed`
WeMe.md,1750419023611,Response:,Response:
WeMe.md,1750419023611,```json,```json
WeMe.md,1750419023611,{,{
WeMe.md,1750419023611,"""feed"": [Post],","""feed"": [Post],"
WeMe.md,1750419023611,"""order"": ""comment"",","""order"": ""comment"","
WeMe.md,1750419023611,"""users"": [User],","""users"": [User],"
WeMe.md,1750419023611,"""groups"": [Group],","""groups"": [Group],"
WeMe.md,1750419023611,"""_links"": {","""_links"": {"
WeMe.md,1750419023611,"""self"": {","""self"": {"
WeMe.md,1750419023611,"""href"": ""/api/v3/group/55f9dd29e4b050c69e693558/member/5602c780e4b08f388c897a39/postsfeed""","""href"": ""/api/v3/group/55f9dd29e4b050c69e693558/member/5602c780e4b08f388c897a39/postsfeed"""
WeMe.md,1750419023611,"},","},"
WeMe.md,1750419023611,"""nextPage"": {","""nextPage"": {"
WeMe.md,1750419023611,"""href"": ""/api/v3/group/55f9dd29e4b050c69e693558/member/5602c780e4b08f388c897a39/postsfeed?limit=10&b=608a0968a227f408697952fe""","""href"": ""/api/v3/group/55f9dd29e4b050c69e693558/member/5602c780e4b08f388c897a39/postsfeed?limit=10&b=608a0968a227f408697952fe"""
WeMe.md,1750419023611,},}
WeMe.md,1750419023611,},}
WeMe.md,1750419023611,},}
WeMe.md,1750419023611,```,```
WeMe.md,1750419023611,Search,Search
WeMe.md,1750419023611,`GET https://mewe.com/api/v3/desktop/search?query=trump`,`GET https://mewe.com/api/v3/desktop/search?query=trump`
WeMe.md,1750419023611,Response:,Response:
WeMe.md,1750419023611,```json,```json
WeMe.md,1750419023611,{,{
WeMe.md,1750419023611,"""hasMoreResults"": true,","""hasMoreResults"": true,"
WeMe.md,1750419023611,"""results"": [","""results"": ["
WeMe.md,1750419023611,"{ ""user"": User },","{ ""user"": User },"
WeMe.md,1750419023611,"{ ""group"": Group },","{ ""group"": Group },"
WeMe.md,1750419023611,"{ ""page"": Page },","{ ""page"": Page },"
WeMe.md,1750419023611,"{ ""post"": Post },","{ ""post"": Post },"
WeMe.md,1750419023611,"],","],"
WeMe.md,1750419023611,"""postsData"": {","""postsData"": {"
WeMe.md,1750419023611,"""users"": [User],","""users"": [User],"
WeMe.md,1750419023611,"""groups"": [Group],","""groups"": [Group],"
WeMe.md,1750419023611,"""pages"": [Page]","""pages"": [Page]"
WeMe.md,1750419023611,"},","},"
WeMe.md,1750419023611,"""_links"": {","""_links"": {"
WeMe.md,1750419023611,"""self"": {","""self"": {"
WeMe.md,1750419023611,"""href"": ""/api/v3/desktop/search""","""href"": ""/api/v3/desktop/search"""
WeMe.md,1750419023611,},}
WeMe.md,1750419023611,},}
WeMe.md,1750419023611,},}
WeMe.md,1750419023611,```,```
Facebook.md,1768942929389,Hello,Hello
Facebook.md,1768942929389,Authentication,Authentication
Facebook.md,1768942929389,[Authentication details here],[Authentication details here]
Facebook.md,1768942929389,API,API
Facebook.md,1768942929389,[Entity Type],[Entity Type]
Facebook.md,1768942929389,```json,```json
Facebook.md,1768942929389,{,{
Facebook.md,1768942929389,// JSON structure here,// JSON structure here
Facebook.md,1768942929389,},}
Facebook.md,1768942929389,```,```
Facebook.md,1768942929389,[Endpoint Description],[Endpoint Description]
Facebook.md,1768942929389,`GET [URL]`,`GET [URL]`
Facebook.md,1768942929389,Response: [Description],Response: [Description]
Facebook.md,1768942929389,[Additional Sections],[Additional Sections]
Facebook.md,1768942929389,[Add more sections as needed],[Add more sections as needed]
Sock Puppets.md,1750419023612,Sock Puppet Tools,Sock Puppet Tools
Sock Puppets.md,1750419023612,- Information Generation,- Information Generation
Sock Puppets.md,1750419023612,"- [Create random names, and a partial life story](https://www.behindthename.com/random/random.php?number=2&sets=5&gender=both&surname=&showextra=yes&usage_eng=1)","- [Create random names, and a partial life story](https://www.behindthename.com/random/random.php?number=2&sets=5&gender=both&surname=&showextra=yes&usage_eng=1)"
Sock Puppets.md,1750419023612,- [Find a random city name from the UK](https://perchance.org/english-city-name),- [Find a random city name from the UK](https://perchance.org/english-city-name)
Repository Summary.md,1768943251827,Repository File Summary,Repository File Summary
Repository Summary.md,1768943251827,Markdown Files,Markdown Files
Repository Summary.md,1768943251827,- [[README]] - Repository documentation,- [[README]] - Repository documentation
Repository Summary.md,1768943251827,- [[Sock Puppets]] - Information about sock puppet accounts,- [[Sock Puppets]] - Information about sock puppet accounts
Repository Summary.md,1768943251827,- [[Miscellaneous]] - Miscellaneous OSINT information,- [[Miscellaneous]] - Miscellaneous OSINT information
Repository Summary.md,1768943251827,Social Media APIs Directory,Social Media APIs Directory
Repository Summary.md,1768943251827,- [[Facebook]] - Facebook API documentation,- [[Facebook]] - Facebook API documentation
Repository Summary.md,1768943251827,- [[WeMe]] - WeMe API documentation,- [[WeMe]] - WeMe API documentation
Repository Summary.md,1768943251827,- [[Gapo]] - Gapo API documentation,- [[Gapo]] - Gapo API documentation
Repository Summary.md,1768943251827,- [[Gab]] - Gab API documentation,- [[Gab]] - Gab API documentation
Repository Summary.md,1768943251827,Summary,Summary
Repository Summary.md,1768943251827,This repository contains OSINT (Open Source Intelligence) documentation focused on social media APIs and related research. The main content is organized in markdown files covering various platforms and general OSINT techniques.,This repository contains OSINT (Open Source Intelligence) documentation focused on social media APIs and related research. The main content is organized in markdown files covering various platforms and general OSINT techniques.
